date,index_level
2012-05-18 00:00:00,100
2012-05-21 00:00:00,97.8798648589
2012-05-22 00:00:00,99.7599804653
2012-05-23 00:00:00,99.9699655374
2012-05-24 00:00:00,100.931726765
2012-05-25 00:00:00,98.9035188923
2012-05-28 00:00:00,99.0785157898
2012-05-29 00:00:00,100.663872317
2012-05-30 00:00:00,100.844790259
2012-05-31 00:00:00,98.4347913064
2012-06-01 00:00:00,95.4848966891
2012-06-04 00:00:00,92.7984040807
2012-06-05 00:00:00,93.2031666509
2012-06-06 00:00:00,94.4059673343
2012-06-07 00:00:00,95.8440215463
2012-06-08 00:00:00,96.7092802133
2012-06-11 00:00:00,97.8151049519
2012-06-12 00:00:00,96.3673436285
2012-06-13 00:00:00,96.3442712083
2012-06-14 00:00:00,95.6019797925
2012-06-15 00:00:00,95.7206799601
2012-06-18 00:00:00,102.268367917
2012-06-19 00:00:00,102.045455178
2012-06-20 00:00:00,103.808361743
2012-06-21 00:00:00,104.057175064
2012-06-22 00:00:00,104.995312189
2012-06-25 00:00:00,103.256931009
2012-06-26 00:00:00,102.168003121
2012-06-27 00:00:00,102.787743329
2012-06-28 00:00:00,100.555633896
2012-06-29 00:00:00,101.512204245
2012-07-02 00:00:00,102.231881574
2012-07-03 00:00:00,103.319450649
2012-07-04 00:00:00,104.027988688
2012-07-05 00:00:00,105.650014213
2012-07-06 00:00:00,105.564923562
2012-07-09 00:00:00,106.908034826
2012-07-10 00:00:00,108.097414731
2012-07-11 00:00:00,106.596539218
2012-07-12 00:00:00,108.149932326
2012-07-13 00:00:00,109.040546269
2012-07-16 00:00:00,109.569775122
2012-07-17 00:00:00,106.959289401
2012-07-18 00:00:00,106.888656457
2012-07-19 00:00:00,107.103342519
2012-07-20 00:00:00,105.976569809
2012-07-23 00:00:00,104.133394751
2012-07-24 00:00:00,104.401875718
2012-07-25 00:00:00,101.203902783
2012-07-26 00:00:00,99.0140431595
2012-07-27 00:00:00,97.5493374994
2012-07-30 00:00:00,98.2511184323
2012-07-31 00:00:00,96.6820174345
2012-08-01 00:00:00,94.5246006911
2012-08-02 00:00:00,93.2475990016
2012-08-03 00:00:00,96.2273341962
2012-08-06 00:00:00,98.1619963597
2012-08-07 00:00:00,100.40097535
2012-08-08 00:00:00,99.7188162766
2012-08-09 00:00:00,100.126110082
2012-08-10 00:00:00,100.925138938
2012-08-13 00:00:00,100.873220195
2012-08-14 00:00:00,101.038621578
2012-08-15 00:00:00,101.151528604
2012-08-16 00:00:00,100.950133365
2012-08-17 00:00:00,101.891634907
2012-08-20 00:00:00,102.025233944
2012-08-21 00:00:00,100.106427907
2012-08-22 00:00:00,100.599199921
2012-08-23 00:00:00,100.616354758
2012-08-24 00:00:00,100.522952269
2012-08-27 00:00:00,100.363450076
2012-08-28 00:00:00,99.7385788604
2012-08-29 00:00:00,99.5723350492
2012-08-30 00:00:00,98.2221090363
2012-08-31 00:00:00,97.5410858398
2012-09-03 00:00:00,98.6683951476
2012-09-04 00:00:00,98.323712528
2012-09-05 00:00:00,99.175821378
2012-09-06 00:00:00,100.580322611
2012-09-07 00:00:00,100.42346949
2012-09-10 00:00:00,99.0917488532
2012-09-11 00:00:00,99.3957454803
2012-09-12 00:00:00,101.235104198
2012-09-13 00:00:00,102.798479524
2012-09-14 00:00:00,103.15982128
2012-09-17 00:00:00,104.960950986
2012-09-18 00:00:00,104.84620166
2012-09-19 00:00:00,105.905810918
2012-09-20 00:00:00,106.159746735
2012-09-21 00:00:00,105.498619778
2012-09-24 00:00:00,104.190564884
2012-09-25 00:00:00,102.540804836
2012-09-26 00:00:00,101.221075201
2012-09-27 00:00:00,102.194111476
2012-09-28 00:00:00,104.085341869
2012-10-01 00:00:00,103.067584316
2012-10-02 00:00:00,103.315278427
2012-10-03 00:00:00,103.92724448
2012-10-04 00:00:00,104.64962793
2012-10-05 00:00:00,104.125735807
2012-10-08 00:00:00,102.86379166
2012-10-09 00:00:00,102.642845465
2012-10-10 00:00:00,101.852937886
2012-10-11 00:00:00,101.405292971
2012-10-12 00:00:00,101.162080683
2012-10-15 00:00:00,101.743039077
2012-10-16 00:00:00,101.597425295
2012-10-17 00:00:00,101.002320137
2012-10-18 00:00:00,100.023546061
2012-10-19 00:00:00,98.9607064946
2012-10-22 00:00:00,99.6755770919
2012-10-23 00:00:00,98.8675284627
2012-10-24 00:00:00,101.538203859
2012-10-25 00:00:00,100.156428198
2012-10-26 00:00:00,99.6911507275
2012-10-29 00:00:00,99.4926571527
2012-10-30 00:00:00,100.340749555
2012-10-31 00:00:00,99.3911878037
2012-11-01 00:00:00,100.210552455
2012-11-02 00:00:00,100.034990397
2012-11-05 00:00:00,101.222021012
2012-11-06 00:00:00,100.249235091
2012-11-07 00:00:00,100.881335345
2012-11-08 00:00:00,100.043099068
2012-11-09 00:00:00,99.2167502292
2012-11-12 00:00:00,99.2527738804
2012-11-13 00:00:00,100.600937872
2012-11-14 00:00:00,101.368635929
2012-11-15 00:00:00,99.7241402466
2012-11-16 00:00:00,100.939693019
2012-11-19 00:00:00,104.386591282
2012-11-20 00:00:00,103.825278337
2012-11-21 00:00:00,106.872717384
2012-11-22 00:00:00,107.315384442
2012-11-23 00:00:00,106.951253977
2012-11-26 00:00:00,109.542161478
2012-11-27 00:00:00,109.951169543
2012-11-28 00:00:00,111.983116132
2012-11-29 00:00:00,111.74048756
2012-11-30 00:00:00,111.443759406
2012-12-03 00:00:00,112.835641069
2012-12-04 00:00:00,112.032598432
2012-12-05 00:00:00,110.672306554
2012-12-06 00:00:00,113.3189493
2012-12-07 00:00:00,111.533198002
2012-12-10 00:00:00,113.086169067
2012-12-11 00:00:00,114.154108779
2012-12-12 00:00:00,113.278109772
2012-12-13 00:00:00,110.532506297
2012-12-14 00:00:00,109.579346834
2012-12-17 00:00:00,110.45645553
2012-12-18 00:00:00,112.477471536
2012-12-19 00:00:00,112.729097659
2012-12-20 00:00:00,112.0402046
2012-12-21 00:00:00,109.703624172
2012-12-27 00:00:00,108.296417297
2012-12-28 00:00:00,109.048124727
2013-01-02 00:00:00,114.441509148
2013-01-03 00:00:00,114.921176395
2013-01-04 00:00:00,113.830409926
2013-01-07 00:00:00,113.20109592
2013-01-08 00:00:00,112.634930782
2013-01-09 00:00:00,112.591499704
2013-01-10 00:00:00,111.199611776
2013-01-11 00:00:00,110.620433768
2013-01-14 00:00:00,110.538033341
2013-01-15 00:00:00,110.107760224
2013-01-16 00:00:00,111.2197529
2013-01-17 00:00:00,111.840725727
2013-01-18 00:00:00,110.157962648
2013-01-21 00:00:00,110.865228437
2013-01-22 00:00:00,111.563362411
2013-01-23 00:00:00,113.288882966
2013-01-24 00:00:00,111.956470359
2013-01-25 00:00:00,112.740513124
2013-01-28 00:00:00,113.475750832
2013-01-29 00:00:00,112.477748753
2013-01-30 00:00:00,111.2572212
2013-01-31 00:00:00,111.898119265
2013-02-01 00:00:00,113.418980462
2013-02-04 00:00:00,111.866508302
2013-02-05 00:00:00,113.180313193
2013-02-06 00:00:00,116.162487906
2013-02-07 00:00:00,117.679000687
2013-02-08 00:00:00,119.189841068
2013-02-11 00:00:00,116.585896884
2013-02-12 00:00:00,118.166050148
2013-02-13 00:00:00,119.3500327
2013-02-14 00:00:00,121.549186699
2013-02-15 00:00:00,120.867505916
2013-02-18 00:00:00,120.237899993
2013-02-19 00:00:00,122.182281994
2013-02-20 00:00:00,122.556348045
2013-02-21 00:00:00,118.314348248
2013-02-22 00:00:00,119.660456226
2013-02-25 00:00:00,117.530130068
2013-02-26 00:00:00,117.275173809
2013-02-27 00:00:00,118.123168205
2013-02-28 00:00:00,117.080392071
2013-03-01 00:00:00,116.947562421
2013-03-04 00:00:00,116.295674798
2013-03-05 00:00:00,120.772087182
2013-03-06 00:00:00,120.551456212
2013-03-07 00:00:00,122.014078484
2013-03-08 00:00:00,120.991030849
2013-03-11 00:00:00,120.577025946
2013-03-12 00:00:00,118.688558596
2013-03-13 00:00:00,118.47436349
2013-03-14 00:00:00,118.210172231
2013-03-15 00:00:00,116.176038912
2013-03-18 00:00:00,117.432388351
2013-03-19 00:00:00,116.368160289
2013-03-20 00:00:00,116.355101966
2013-03-21 00:00:00,116.311715442
2013-03-22 00:00:00,115.703750606
2013-03-25 00:00:00,117.737837319
2013-03-26 00:00:00,120.995108364
2013-03-27 00:00:00,120.992558266
2013-03-28 00:00:00,120.376235943
2013-04-02 00:00:00,125.542995574
2013-04-03 00:00:00,121.235831732
2013-04-04 00:00:00,120.461411841
2013-04-05 00:00:00,118.18223108
2013-04-08 00:00:00,118.287676108
2013-04-09 00:00:00,117.048093369
2013-04-10 00:00:00,120.658882468
2013-04-11 00:00:00,124.714130115
2013-04-12 00:00:00,123.457780335
2013-04-15 00:00:00,122.648224135
2013-04-16 00:00:00,124.103122883
2013-04-17 00:00:00,121.533872554
2013-04-18 00:00:00,122.174443985
2013-04-19 00:00:00,124.579733554
2013-04-22 00:00:00,124.734556465
2013-04-23 00:00:00,128.417861542
2013-04-24 00:00:00,127.190835656
2013-04-25 00:00:00,129.905147469
2013-04-26 00:00:00,129.992836021
2013-04-29 00:00:00,133.783943023
2013-04-30 00:00:00,135.767902849
2013-05-02 00:00:00,135.586257809
2013-05-03 00:00:00,136.363591373
2013-05-06 00:00:00,139.239057587
2013-05-07 00:00:00,138.112017752
2013-05-08 00:00:00,140.618658314
2013-05-09 00:00:00,155.679965797
2013-05-10 00:00:00,160.421866075
2013-05-13 00:00:00,167.168070837
2013-05-14 00:00:00,166.690896989
2013-05-15 00:00:00,168.652446562
2013-05-16 00:00:00,173.419138493
2013-05-17 00:00:00,174.108341555
2013-05-20 00:00:00,173.239123449
2013-05-21 00:00:00,170.963518596
2013-05-22 00:00:00,169.524361092
2013-05-23 00:00:00,169.336771331
2013-05-24 00:00:00,173.092386659
2013-05-27 00:00:00,174.31340128
2013-05-28 00:00:00,176.582473228
2013-05-29 00:00:00,173.463729098
2013-05-30 00:00:00,176.197244584
2013-05-31 00:00:00,175.563274211
2013-06-03 00:00:00,167.449750951
2013-06-04 00:00:00,167.626854609
2013-06-05 00:00:00,162.963016094
2013-06-06 00:00:00,161.635500685
2013-06-07 00:00:00,165.702775686
2013-06-10 00:00:00,167.866022508
2013-06-11 00:00:00,164.580069828
2013-06-12 00:00:00,163.380354957
2013-06-13 00:00:00,161.752875611
2013-06-14 00:00:00,163.561721795
2013-06-17 00:00:00,166.150162517
2013-06-18 00:00:00,165.227690627
2013-06-19 00:00:00,166.11115029
2013-06-20 00:00:00,163.939413865
2013-06-21 00:00:00,162.348045803
2013-06-24 00:00:00,160.462457565
2013-06-25 00:00:00,163.614946229
2013-06-26 00:00:00,165.253286305
2013-06-27 00:00:00,168.589230575
2013-06-28 00:00:00,167.523497018
2013-07-01 00:00:00,172.862948439
2013-07-02 00:00:00,174.512004551
2013-07-03 00:00:00,173.451248229
2013-07-04 00:00:00,177.537111309
2013-07-05 00:00:00,176.111944784
2013-07-08 00:00:00,178.633774527
2013-07-09 00:00:00,183.501359179
2013-07-10 00:00:00,181.635255308
2013-07-11 00:00:00,182.51668076
2013-07-12 00:00:00,184.043880787
2013-07-15 00:00:00,185.282731435
2013-07-16 00:00:00,175.194296983
2013-07-17 00:00:00,179.779698574
2013-07-18 00:00:00,182.939530295
2013-07-19 00:00:00,180.667009242
2013-07-22 00:00:00,181.809020076
2013-07-23 00:00:00,178.829060806
2013-07-24 00:00:00,180.267792508
2013-07-25 00:00:00,192.306420431
2013-07-26 00:00:00,195.042311163
2013-07-29 00:00:00,200.026929102
2013-07-30 00:00:00,200.445407988
2013-07-31 00:00:00,202.554860555
2013-08-01 00:00:00,207.16131257
2013-08-02 00:00:00,207.910508454
2013-08-05 00:00:00,212.930913719
2013-08-06 00:00:00,212.302492467
2013-08-07 00:00:00,207.661594131
2013-08-08 00:00:00,217.616446442
2013-08-09 00:00:00,216.185877677
2013-08-12 00:00:00,211.055217098
2013-08-13 00:00:00,214.596674029
2013-08-14 00:00:00,211.980347228
2013-08-15 00:00:00,208.60795705
2013-08-16 00:00:00,212.023160659
2013-08-19 00:00:00,215.296936175
2013-08-20 00:00:00,213.325161715
2013-08-21 00:00:00,214.364346843
2013-08-22 00:00:00,217.645080645
2013-08-23 00:00:00,223.782987944
2013-08-26 00:00:00,230.908422566
2013-08-27 00:00:00,223.989573066
2013-08-28 00:00:00,226.27434268
2013-08-29 00:00:00,228.45959355
2013-08-30 00:00:00,227.86284633
2013-09-02 00:00:00,233.149581345
2013-09-03 00:00:00,230.43255589
2013-09-04 00:00:00,229.832194903
2013-09-05 00:00:00,232.641268431
2013-09-06 00:00:00,235.037379489
2013-09-09 00:00:00,232.636887557
2013-09-10 00:00:00,233.426865855
2013-09-11 00:00:00,230.810856475
2013-09-12 00:00:00,232.066739577
2013-09-13 00:00:00,230.349800028
2013-09-16 00:00:00,228.030791805
2013-09-17 00:00:00,229.468879128
2013-09-18 00:00:00,228.713766223
2013-09-19 00:00:00,234.599477445
2013-09-20 00:00:00,235.735433504
2013-09-23 00:00:00,240.663494521
2013-09-24 00:00:00,243.803250648
2013-09-25 00:00:00,244.167722509
2013-09-26 00:00:00,248.378191331
2013-09-27 00:00:00,249.804128171
2013-09-30 00:00:00,250.339639417
2013-10-01 00:00:00,251.000412484
2013-10-02 00:00:00,247.512705033
2013-10-03 00:00:00,239.716940546
2013-10-04 00:00:00,244.529125888
2013-10-07 00:00:00,247.500008518
2013-10-08 00:00:00,237.57174139
2013-10-09 00:00:00,232.949828775
2013-10-10 00:00:00,240.289913433
2013-10-11 00:00:00,242.08355444
2013-10-14 00:00:00,242.359474138
2013-10-15 00:00:00,246.598166188
2013-10-16 00:00:00,247.878873343
2013-10-17 00:00:00,246.537412208
2013-10-18 00:00:00,253.107126463
2013-10-21 00:00:00,251.096611692
2013-10-22 00:00:00,246.187644134
2013-10-23 00:00:00,240.081141259
2013-10-24 00:00:00,243.935341078
2013-10-25 00:00:00,244.941933336
2013-10-28 00:00:00,238.694274022
2013-10-29 00:00:00,237.658666824
2013-10-30 00:00:00,234.542826163
2013-10-31 00:00:00,240.470280276
2013-11-01 00:00:00,240.463277719
2013-11-04 00:00:00,245.426220607
2013-11-05 00:00:00,247.761347497
2013-11-06 00:00:00,236.408628392
2013-11-07 00:00:00,231.235544387
2013-11-08 00:00:00,228.980023987
2013-11-11 00:00:00,230.352055598
2013-11-12 00:00:00,226.493199665
2013-11-13 00:00:00,229.221210806
2013-11-14 00:00:00,229.859563702
2013-11-15 00:00:00,228.139862322
2013-11-18 00:00:00,220.050000595
2013-11-19 00:00:00,218.807950121
2013-11-20 00:00:00,219.768935433
2013-11-21 00:00:00,219.655397361
2013-11-22 00:00:00,217.052512889
2013-11-25 00:00:00,216.344790154
2013-11-26 00:00:00,218.003706603
2013-11-27 00:00:00,220.568264015
2013-11-28 00:00:00,222.931819494
2013-11-29 00:00:00,223.364960368
2013-12-02 00:00:00,222.153389472
2013-12-03 00:00:00,227.285717524
2013-12-04 00:00:00,228.917985024
2013-12-05 00:00:00,229.982182444
2013-12-06 00:00:00,227.391899774
2013-12-09 00:00:00,228.343301683
2013-12-10 00:00:00,233.055776015
2013-12-11 00:00:00,228.927135447
2013-12-12 00:00:00,232.333513698
2013-12-13 00:00:00,239.11370403
2013-12-16 00:00:00,238.370783786
2013-12-17 00:00:00,243.332421234
2013-12-18 00:00:00,238.964998253
2013-12-19 00:00:00,238.29021484
2013-12-20 00:00:00,240.454795785
2013-12-23 00:00:00,247.263236303
2013-12-27 00:00:00,247.383988405
2013-12-30 00:00:00,243.551133835
2014-01-02 00:00:00,243.425077072
2014-01-03 00:00:00,245.028179501
2014-01-06 00:00:00,245.971757021
2014-01-07 00:00:00,249.272638497
2014-01-08 00:00:00,251.814077463
2014-01-09 00:00:00,247.757082894
2014-01-10 00:00:00,246.420879366
2014-01-13 00:00:00,244.354879499
2014-01-14 00:00:00,251.150720049
2014-01-15 00:00:00,258.851550338
2014-01-16 00:00:00,262.224889536
2014-01-17 00:00:00,260.435127713
2014-01-20 00:00:00,259.146960878
2014-01-21 00:00:00,264.999124406
2014-01-22 00:00:00,265.454225649
2014-01-23 00:00:00,261.985837783
2014-01-24 00:00:00,255.660216703
2014-01-27 00:00:00,250.745963631
2014-01-28 00:00:00,251.959913082
2014-01-29 00:00:00,251.844743436
2014-01-30 00:00:00,267.956451531
2014-01-31 00:00:00,271.255637538
2014-02-03 00:00:00,263.639097969
2014-02-04 00:00:00,267.621132143
2014-02-05 00:00:00,266.56288612
2014-02-06 00:00:00,266.364383803
2014-02-07 00:00:00,273.61813222
2014-02-10 00:00:00,278.936574476
2014-02-11 00:00:00,281.447499226
2014-02-12 00:00:00,281.772118905
2014-02-13 00:00:00,286.911586891
2014-02-14 00:00:00,287.252796166
2014-02-17 00:00:00,290.734107312
2014-02-18 00:00:00,288.756140404
2014-02-19 00:00:00,285.58162609
2014-02-20 00:00:00,293.903440218
2014-02-21 00:00:00,293.354859823
2014-02-24 00:00:00,298.6318824
2014-02-25 00:00:00,310.570245005
2014-02-26 00:00:00,313.405340205
2014-02-27 00:00:00,314.919969291
2014-02-28 00:00:00,305.876414416
2014-03-03 00:00:00,304.287758368
2014-03-04 00:00:00,311.384408735
2014-03-05 00:00:00,315.798771657
2014-03-06 00:00:00,311.809058812
2014-03-07 00:00:00,308.375177434
2014-03-10 00:00:00,307.988622158
2014-03-11 00:00:00,305.020944166
2014-03-12 00:00:00,306.077878402
2014-03-13 00:00:00,300.463749384
2014-03-14 00:00:00,295.072244474
2014-03-17 00:00:00,299.404226878
2014-03-18 00:00:00,303.313716179
2014-03-19 00:00:00,300.156238299
2014-03-20 00:00:00,298.64676191
2014-03-21 00:00:00,295.728968627
2014-03-24 00:00:00,286.890422488
2014-03-25 00:00:00,290.431443083
2014-03-26 00:00:00,279.43365835
2014-03-27 00:00:00,277.526671805
2014-03-28 00:00:00,278.240073563
2014-03-31 00:00:00,277.641656348
2014-04-01 00:00:00,283.494601731
2014-04-02 00:00:00,289.436842723
2014-04-03 00:00:00,286.321287817
2014-04-04 00:00:00,275.981724203
2014-04-07 00:00:00,267.667202386
2014-04-08 00:00:00,275.736883278
2014-04-09 00:00:00,280.050517624
2014-04-10 00:00:00,272.029193886
2014-04-11 00:00:00,268.482559273
2014-04-14 00:00:00,268.182635735
2014-04-15 00:00:00,260.35882525
2014-04-16 00:00:00,266.246428544
2014-04-17 00:00:00,270.494571424
2014-04-22 00:00:00,284.877167099
2014-04-23 00:00:00,279.719194506
2014-04-24 00:00:00,283.063827075
2014-04-25 00:00:00,272.597036664
2014-04-28 00:00:00,268.223694102
2014-04-29 00:00:00,277.447295434
2014-04-30 00:00:00,278.750261497
2014-05-02 00:00:00,281.993223637
2014-05-05 00:00:00,286.0682254
2014-05-06 00:00:00,282.49675663
2014-05-07 00:00:00,277.257421801
2014-05-08 00:00:00,270.373368906
2014-05-09 00:00:00,268.796634747
2014-05-12 00:00:00,276.545449965
2014-05-13 00:00:00,280.488637651
2014-05-14 00:00:00,281.657214854
2014-05-15 00:00:00,274.045854661
2014-05-16 00:00:00,274.715334415
2014-05-19 00:00:00,281.756056034
2014-05-20 00:00:00,281.398247874
2014-05-21 00:00:00,283.724966991
2014-05-22 00:00:00,291.978553341
2014-05-23 00:00:00,292.629426815
2014-05-26 00:00:00,295.729354107
2014-05-27 00:00:00,300.758858921
2014-05-28 00:00:00,302.926598962
2014-05-29 00:00:00,301.058438385
2014-05-30 00:00:00,298.651768319
2014-06-02 00:00:00,298.383830298
2014-06-03 00:00:00,297.241439821
2014-06-04 00:00:00,299.76837396
2014-06-05 00:00:00,303.781168391
2014-06-06 00:00:00,302.480467638
2014-06-09 00:00:00,304.387129968
2014-06-10 00:00:00,307.006289379
2014-06-11 00:00:00,306.583610257
2014-06-12 00:00:00,302.784220593
2014-06-13 00:00:00,303.348861639
2014-06-16 00:00:00,307.021250665
2014-06-17 00:00:00,314.064296468
2014-06-18 00:00:00,311.78944389
2014-06-19 00:00:00,310.71614609
2014-06-20 00:00:00,312.21856979
2014-06-23 00:00:00,320.269671599
2014-06-24 00:00:00,317.49215684
2014-06-25 00:00:00,316.413965785
2014-06-26 00:00:00,319.204927075
2014-06-27 00:00:00,321.746003286
2014-06-30 00:00:00,323.582368948
2014-07-01 00:00:00,324.879581949
2014-07-02 00:00:00,319.875184115
2014-07-03 00:00:00,319.534863725
2014-07-04 00:00:00,319.924009306
2014-07-07 00:00:00,317.925025118
2014-07-08 00:00:00,309.467897362
2014-07-09 00:00:00,312.89612764
2014-07-10 00:00:00,311.162900086
2014-07-11 00:00:00,312.038612974
2014-07-14 00:00:00,318.027180017
2014-07-15 00:00:00,315.169338648
2014-07-16 00:00:00,318.187127548
2014-07-17 00:00:00,315.754775414
2014-07-18 00:00:00,315.834635819
2014-07-21 00:00:00,319.38367647
2014-07-22 00:00:00,321.702889207
2014-07-23 00:00:00,326.702415244
2014-07-24 00:00:00,332.695159123
2014-07-25 00:00:00,331.434017732
2014-07-28 00:00:00,335.420194189
2014-07-29 00:00:00,333.827268936
2014-07-30 00:00:00,334.180643896
2014-07-31 00:00:00,327.074313292
2014-08-01 00:00:00,328.242993964
2014-08-04 00:00:00,331.140381097
2014-08-05 00:00:00,328.857496127
2014-08-06 00:00:00,334.463599535
2014-08-07 00:00:00,337.560998617
2014-08-08 00:00:00,332.950129831
2014-08-11 00:00:00,341.44391422
2014-08-12 00:00:00,340.848899589
2014-08-13 00:00:00,344.73687477
2014-08-14 00:00:00,345.710826672
2014-08-15 00:00:00,343.639828586
2014-08-18 00:00:00,349.818989519
2014-08-19 00:00:00,353.531977648
2014-08-20 00:00:00,354.216366222
2014-08-21 00:00:00,352.248171115
2014-08-22 00:00:00,354.60135919
2014-08-25 00:00:00,359.901363155
2014-08-26 00:00:00,360.807677878
2014-08-27 00:00:00,360.484873964
2014-08-28 00:00:00,358.358826916
2014-08-29 00:00:00,363.493977618
2014-09-01 00:00:00,365.895632765
2014-09-02 00:00:00,372.105863208
2014-09-03 00:00:00,369.665441917
2014-09-04 00:00:00,375.623431339
2014-09-05 00:00:00,370.745599094
2014-09-08 00:00:00,375.370800145
2014-09-09 00:00:00,381.293618215
2014-09-10 00:00:00,375.309697865
2014-09-11 00:00:00,374.559381993
2014-09-12 00:00:00,377.303869014
2014-09-15 00:00:00,361.24296502
2014-09-16 00:00:00,365.634435727
2014-09-17 00:00:00,366.63898208
2014-09-18 00:00:00,370.755322627
2014-09-19 00:00:00,370.956481395
2014-09-22 00:00:00,366.366419195
2014-09-23 00:00:00,369.555473598
2014-09-24 00:00:00,371.331938624
2014-09-25 00:00:00,367.356474448
2014-09-26 00:00:00,369.227311328
2014-09-29 00:00:00,371.50268801
2014-09-30 00:00:00,371.462085364
2014-10-01 00:00:00,362.843376725
2014-10-02 00:00:00,365.147537988
2014-10-06 00:00:00,373.723135669
2014-10-07 00:00:00,369.022927062
2014-10-08 00:00:00,364.882460941
2014-10-09 00:00:00,365.907858571
2014-10-10 00:00:00,359.258600236
2014-10-13 00:00:00,352.455248065
2014-10-14 00:00:00,351.125516717
2014-10-15 00:00:00,337.57572622
2014-10-16 00:00:00,344.113252564
2014-10-17 00:00:00,352.458828618
2014-10-20 00:00:00,354.445736503
2014-10-21 00:00:00,364.198960684
2014-10-22 00:00:00,367.338431905
2014-10-23 00:00:00,372.788474411
2014-10-24 00:00:00,369.849414694
2014-10-27 00:00:00,364.705728343
2014-10-28 00:00:00,375.085100726
2014-10-29 00:00:00,372.785312183
2014-10-30 00:00:00,371.781275748
2014-10-31 00:00:00,376.307775996
2014-11-03 00:00:00,380.426494627
2014-11-04 00:00:00,377.715493176
2014-11-05 00:00:00,381.677697441
2014-11-06 00:00:00,391.950505205
2014-11-07 00:00:00,388.413391158
2014-11-10 00:00:00,391.440615469
2014-11-11 00:00:00,390.632810704
2014-11-12 00:00:00,393.898019113
2014-11-13 00:00:00,395.958877756
2014-11-14 00:00:00,398.940808583
2014-11-17 00:00:00,400.340718431
2014-11-18 00:00:00,402.310011031
2014-11-19 00:00:00,399.8329522
2014-11-20 00:00:00,401.594822978
2014-11-21 00:00:00,404.958243684
2014-11-24 00:00:00,412.751048277
2014-11-25 00:00:00,409.784105683
2014-11-26 00:00:00,408.659462748
2014-11-27 00:00:00,411.695827624
2014-11-28 00:00:00,414.31766659
2014-12-01 00:00:00,402.853336948
2014-12-02 00:00:00,405.949002226
2014-12-03 00:00:00,406.180540768
2014-12-04 00:00:00,399.614810933
2014-12-05 00:00:00,400.406902255
2014-12-08 00:00:00,389.445186807
2014-12-09 00:00:00,387.963690708
2014-12-10 00:00:00,384.96885249
2014-12-11 00:00:00,390.135408214
2014-12-12 00:00:00,383.939228073
2014-12-15 00:00:00,379.958080053
2014-12-16 00:00:00,376.128433406
2014-12-17 00:00:00,379.963899163
2014-12-18 00:00:00,396.697209977
2014-12-19 00:00:00,401.217040378
2014-12-22 00:00:00,406.93781688
2014-12-23 00:00:00,406.73113402
2014-12-29 00:00:00,408.980621315
2014-12-30 00:00:00,407.464641537
2015-01-02 00:00:00,404.915462461
2015-01-05 00:00:00,397.135666932
2015-01-06 00:00:00,391.972889308
2015-01-07 00:00:00,399.227333694
2015-01-08 00:00:00,405.941610955
2015-01-09 00:00:00,403.043822123
2015-01-12 00:00:00,396.581157772
2015-01-13 00:00:00,401.942034285
2015-01-14 00:00:00,394.669312764
2015-01-15 00:00:00,392.722946134
2015-01-16 00:00:00,392.597116038
2015-01-19 00:00:00,391.988721246
2015-01-20 00:00:00,393.240674887
2015-01-21 00:00:00,401.654307475
2015-01-22 00:00:00,413.835259896
2015-01-23 00:00:00,423.267174967
2015-01-26 00:00:00,426.237714178
2015-01-27 00:00:00,414.794197043
2015-01-28 00:00:00,424.452665897
2015-01-29 00:00:00,426.305173262
2015-01-30 00:00:00,425.585327646
2015-02-02 00:00:00,422.186259366
2015-02-03 00:00:00,426.9062221
2015-02-04 00:00:00,432.351779723
2015-02-05 00:00:00,435.031098497
2015-02-06 00:00:00,435.401029347
2015-02-09 00:00:00,431.480548145
2015-02-10 00:00:00,438.266598796
2015-02-11 00:00:00,444.986711537
2015-02-12 00:00:00,443.184877167
2015-02-13 00:00:00,438.608692931
2015-02-16 00:00:00,444.562016602
2015-02-17 00:00:00,441.572094705
2015-02-18 00:00:00,445.608606508
2015-02-19 00:00:00,453.80446452
2015-02-20 00:00:00,455.874561621
2015-02-23 00:00:00,454.190154386
2015-02-24 00:00:00,453.66169005
2015-02-25 00:00:00,452.925288239
2015-02-26 00:00:00,462.279322879
2015-02-27 00:00:00,459.20016448
2015-03-02 00:00:00,455.941510768
2015-03-03 00:00:00,453.603390684
2015-03-04 00:00:00,461.286233838
2015-03-05 00:00:00,464.970792972
2015-03-06 00:00:00,469.84224541
2015-03-09 00:00:00,466.017780155
2015-03-10 00:00:00,465.870163039
2015-03-11 00:00:00,471.57185095
2015-03-12 00:00:00,469.914196212
2015-03-13 00:00:00,474.860616486
2015-03-16 00:00:00,476.37684893
2015-03-17 00:00:00,479.24253564
2015-03-18 00:00:00,478.131731647
2015-03-19 00:00:00,483.91791216
2015-03-20 00:00:00,478.971723628
2015-03-23 00:00:00,474.779348207
2015-03-24 00:00:00,476.966779202
2015-03-25 00:00:00,471.4434127
2015-03-26 00:00:00,471.752898221
2015-03-27 00:00:00,462.660690663
2015-03-30 00:00:00,471.67393865
2015-03-31 00:00:00,473.410618571
2015-04-01 00:00:00,468.098131958
2015-04-02 00:00:00,464.950157141
2015-04-07 00:00:00,474.634206337
2015-04-08 00:00:00,476.310794935
2015-04-09 00:00:00,479.877380158
2015-04-10 00:00:00,487.815085465
2015-04-13 00:00:00,492.418887219
2015-04-14 00:00:00,482.922875797
2015-04-15 00:00:00,484.349281207
2015-04-16 00:00:00,476.086952775
2015-04-17 00:00:00,466.259787306
2015-04-20 00:00:00,478.461979801
2015-04-21 00:00:00,481.240569102
2015-04-22 00:00:00,486.247447842
2015-04-23 00:00:00,483.451755583
2015-04-24 00:00:00,480.958487416
2015-04-27 00:00:00,491.590931154
2015-04-28 00:00:00,482.670617567
2015-04-29 00:00:00,466.48274653
2015-04-30 00:00:00,457.034377281
2015-05-04 00:00:00,463.567221455
2015-05-05 00:00:00,458.512793922
2015-05-06 00:00:00,460.03645979
2015-05-07 00:00:00,462.621352098
2015-05-08 00:00:00,469.947083562
2015-05-11 00:00:00,471.175176648
2015-05-12 00:00:00,466.684210369
2015-05-13 00:00:00,463.117725379
2015-05-14 00:00:00,470.450187021
2015-05-15 00:00:00,465.434617215
2015-05-18 00:00:00,472.326173686
2015-05-19 00:00:00,483.174244808
2015-05-20 00:00:00,484.705143006
2015-05-21 00:00:00,484.974545235
2015-05-22 00:00:00,489.226275403
2015-05-26 00:00:00,491.878225624
2015-05-27 00:00:00,494.303549623
2015-05-28 00:00:00,499.361299038
2015-05-29 00:00:00,493.084946148
2015-06-01 00:00:00,496.645814945
2015-06-02 00:00:00,489.131254284
2015-06-03 00:00:00,489.566048147
2015-06-04 00:00:00,487.156510451
2015-06-05 00:00:00,491.416474189
2015-06-08 00:00:00,485.892168248
2015-06-09 00:00:00,487.33823247
2015-06-10 00:00:00,489.665887644
2015-06-11 00:00:00,491.297169484
2015-06-12 00:00:00,487.952499234
2015-06-15 00:00:00,481.742547245
2015-06-16 00:00:00,485.02466669
2015-06-17 00:00:00,486.985859761
2015-06-18 00:00:00,487.036877082
2015-06-19 00:00:00,487.500032275
2015-06-22 00:00:00,495.33884258
2015-06-23 00:00:00,509.465225223
2015-06-24 00:00:00,511.142984301
2015-06-25 00:00:00,511.639862374
2015-06-26 00:00:00,510.520174822
2015-06-29 00:00:00,498.858283249
2015-06-30 00:00:00,506.794997242
2015-07-01 00:00:00,514.903630939
2015-07-02 00:00:00,514.803994585
2015-07-03 00:00:00,519.504674292
2015-07-06 00:00:00,518.344001296
2015-07-07 00:00:00,513.4591094
2015-07-08 00:00:00,505.479895481
2015-07-09 00:00:00,505.513735481
2015-07-10 00:00:00,511.432488548
2015-07-13 00:00:00,525.080276884
2015-07-14 00:00:00,522.237952199
2015-07-15 00:00:00,525.505137715
2015-07-16 00:00:00,536.234885046
2015-07-17 00:00:00,546.666891861
2015-07-20 00:00:00,561.989977706
2015-07-21 00:00:00,547.100274754
2015-07-22 00:00:00,537.575427433
2015-07-23 00:00:00,534.364327364
2015-07-24 00:00:00,535.062337526
2015-07-27 00:00:00,510.586257428
2015-07-28 00:00:00,518.400569128
2015-07-29 00:00:00,523.567273872
2015-07-30 00:00:00,523.622421798
2015-07-31 00:00:00,524.890121824
2015-08-03 00:00:00,520.343076775
2015-08-04 00:00:00,520.056306774
2015-08-05 00:00:00,525.501587774
2015-08-06 00:00:00,511.35909627
2015-08-07 00:00:00,505.616388475
2015-08-10 00:00:00,511.318734599
2015-08-11 00:00:00,495.505687008
2015-08-12 00:00:00,490.600887724
2015-08-13 00:00:00,499.622792149
2015-08-14 00:00:00,498.733432948
2015-08-17 00:00:00,506.932316886
2015-08-18 00:00:00,511.30055742
2015-08-19 00:00:00,499.842226989
2015-08-20 00:00:00,479.050476234
2015-08-21 00:00:00,454.351579787
2015-08-24 00:00:00,435.308278568
2015-08-25 00:00:00,449.907782336
2015-08-26 00:00:00,445.469098043
2015-08-27 00:00:00,477.38024276
2015-08-28 00:00:00,483.551850408
2015-08-31 00:00:00,484.474607964
2015-09-01 00:00:00,467.40271681
2015-09-02 00:00:00,474.61846114
2015-09-03 00:00:00,487.040932635
2015-09-04 00:00:00,472.735175152
2015-09-07 00:00:00,481.870033704
2015-09-08 00:00:00,481.298328742
2015-09-09 00:00:00,487.408222885
2015-09-10 00:00:00,486.010353583
2015-09-11 00:00:00,480.537239705
2015-09-14 00:00:00,487.606874934
2015-09-15 00:00:00,496.670512488
2015-09-16 00:00:00,502.183222339
2015-09-17 00:00:00,498.690087503
2015-09-18 00:00:00,491.186885137
2015-09-21 00:00:00,499.639820239
2015-09-22 00:00:00,492.819256097
2015-09-23 00:00:00,493.871272377
2015-09-24 00:00:00,489.79728183
2015-09-25 00:00:00,497.509611802
2015-09-28 00:00:00,474.433584316
2015-09-29 00:00:00,470.439389354
2015-09-30 00:00:00,471.321356804
2015-10-01 00:00:00,466.477121852
2015-10-02 00:00:00,472.705090463
2015-10-05 00:00:00,485.654502968
2015-10-06 00:00:00,475.658773123
2015-10-07 00:00:00,469.766983515
2015-10-08 00:00:00,460.714567241
2015-10-09 00:00:00,458.799986079
2015-10-12 00:00:00,457.202640181
2015-10-13 00:00:00,457.216319533
2015-10-14 00:00:00,454.475724752
2015-10-15 00:00:00,459.261351544
2015-10-16 00:00:00,464.467818321
2015-10-19 00:00:00,469.278627641
2015-10-20 00:00:00,459.742542866
2015-10-21 00:00:00,470.618059831
2015-10-22 00:00:00,482.975903323
2015-10-23 00:00:00,498.846477248
2015-10-26 00:00:00,499.721823965
2015-10-27 00:00:00,496.399209888
2015-10-28 00:00:00,507.079432621
2015-10-29 00:00:00,511.334800034
2015-10-30 00:00:00,502.365534672
2015-11-02 00:00:00,509.515263044
2015-11-03 00:00:00,512.97080624
2015-11-04 00:00:00,526.099524328
2015-11-05 00:00:00,533.334845964
2015-11-06 00:00:00,536.928986856
2015-11-09 00:00:00,532.257352914
2015-11-10 00:00:00,531.002658422
2015-11-11 00:00:00,526.960515983
2015-11-12 00:00:00,524.042418749
2015-11-13 00:00:00,514.600842811
2015-11-16 00:00:00,514.100820063
2015-11-17 00:00:00,520.987690445
2015-11-18 00:00:00,527.245041387
2015-11-19 00:00:00,530.345868
2015-11-20 00:00:00,531.328948856
2015-11-23 00:00:00,529.420956141
2015-11-24 00:00:00,526.334611026
2015-11-25 00:00:00,536.782812156
2015-11-26 00:00:00,540.241647892
2015-11-27 00:00:00,539.12880236
2015-11-30 00:00:00,543.521184981
2015-12-01 00:00:00,546.063675736
2015-12-02 00:00:00,547.44552137
2015-12-03 00:00:00,523.03937473
2015-12-04 00:00:00,532.430624187
2015-12-07 00:00:00,538.779104753
2015-12-08 00:00:00,534.122068697
2015-12-09 00:00:00,519.096140555
2015-12-10 00:00:00,528.654177776
2015-12-11 00:00:00,514.568795866
2015-12-14 00:00:00,512.366210059
2015-12-15 00:00:00,521.246547889
2015-12-16 00:00:00,520.469925864
2015-12-17 00:00:00,534.73334279
2015-12-18 00:00:00,523.787929173
2015-12-21 00:00:00,518.027917384
2015-12-22 00:00:00,514.711253649
2015-12-23 00:00:00,519.257727146
2015-12-28 00:00:00,513.364734611
2015-12-29 00:00:00,527.575295738
2015-12-30 00:00:00,527.17363048
2016-01-04 00:00:00,508.127614639
2016-01-05 00:00:00,509.372589945
2016-01-06 00:00:00,501.830803473
2016-01-07 00:00:00,482.651146985
2016-01-08 00:00:00,485.408626385
2016-01-11 00:00:00,474.741132172
2016-01-12 00:00:00,487.966575628
2016-01-13 00:00:00,478.523508918
2016-01-14 00:00:00,476.47860699
2016-01-15 00:00:00,465.882120862
2016-01-18 00:00:00,466.906515692
2016-01-19 00:00:00,471.243307208
2016-01-20 00:00:00,448.48233228
2016-01-21 00:00:00,461.705128654
2016-01-22 00:00:00,471.08545671
2016-01-25 00:00:00,475.295723864
2016-01-26 00:00:00,466.279881433
2016-01-27 00:00:00,461.545634009
2016-01-28 00:00:00,465.032263392
2016-01-29 00:00:00,484.692412419
2016-02-01 00:00:00,491.91816348
2016-02-02 00:00:00,481.517591008
2016-02-03 00:00:00,462.023375997
2016-02-04 00:00:00,472.548543777
2016-02-05 00:00:00,456.773845766
2016-02-08 00:00:00,432.339121861
2016-02-09 00:00:00,433.352615589
2016-02-10 00:00:00,446.422395799
2016-02-11 00:00:00,439.365649427
2016-02-12 00:00:00,440.364505755
2016-02-15 00:00:00,459.889214444
2016-02-16 00:00:00,454.577240742
2016-02-17 00:00:00,470.014837377
2016-02-18 00:00:00,467.388717852
2016-02-19 00:00:00,465.474276166
2016-02-22 00:00:00,483.723323526
2016-02-23 00:00:00,477.573718178
2016-02-24 00:00:00,472.259245849
2016-02-25 00:00:00,480.687328123
2016-02-26 00:00:00,489.140253273
2016-02-29 00:00:00,503.109070166
2016-03-01 00:00:00,507.727209055
2016-03-02 00:00:00,502.217059206
2016-03-03 00:00:00,505.566160068
2016-03-04 00:00:00,515.656950995
2016-03-07 00:00:00,513.391958955
2016-03-08 00:00:00,510.594108137
2016-03-09 00:00:00,511.555821358
2016-03-10 00:00:00,501.550467283
2016-03-11 00:00:00,510.221055677
2016-03-14 00:00:00,521.34886035
2016-03-15 00:00:00,522.956048274
2016-03-16 00:00:00,528.208635285
2016-03-17 00:00:00,525.036666385
2016-03-18 00:00:00,527.718360633
2016-03-21 00:00:00,531.01955998
2016-03-22 00:00:00,534.954332988
2016-03-23 00:00:00,532.452061886
2016-03-24 00:00:00,531.96955718
2016-03-29 00:00:00,537.801895146
2016-03-30 00:00:00,539.082055802
2016-03-31 00:00:00,539.839315267
2016-04-01 00:00:00,541.063282492
2016-04-04 00:00:00,543.6171913
2016-04-05 00:00:00,544.756106179
2016-04-06 00:00:00,550.572200903
2016-04-07 00:00:00,547.205023128
2016-04-08 00:00:00,539.405131263
2016-04-11 00:00:00,537.127471382
2016-04-12 00:00:00,537.702930974
2016-04-13 00:00:00,541.621795689
2016-04-14 00:00:00,550.84084823
2016-04-15 00:00:00,542.523948848
2016-04-18 00:00:00,543.829165416
2016-04-19 00:00:00,539.456811103
2016-04-20 00:00:00,551.594272575
2016-04-21 00:00:00,546.640219746
2016-04-22 00:00:00,541.664740552
2016-04-25 00:00:00,542.870993309
2016-04-26 00:00:00,532.679018089
2016-04-27 00:00:00,522.054725803
2016-04-28 00:00:00,534.408180367
2016-04-29 00:00:00,517.842834887
2016-05-02 00:00:00,521.152495051
2016-05-03 00:00:00,523.283363963
2016-05-04 00:00:00,512.800062234
2016-05-05 00:00:00,510.097965372
2016-05-06 00:00:00,511.130249079
2016-05-09 00:00:00,510.960069407
2016-05-10 00:00:00,512.720563143
2016-05-11 00:00:00,512.363901551
2016-05-12 00:00:00,505.494881377
2016-05-13 00:00:00,511.569161261
2016-05-17 00:00:00,527.621789762
2016-05-18 00:00:00,544.724590399
2016-05-19 00:00:00,548.303132091
2016-05-20 00:00:00,556.490092077
2016-05-23 00:00:00,559.146337246
2016-05-24 00:00:00,563.995115425
2016-05-25 00:00:00,567.361799159
2016-05-26 00:00:00,569.593443737
2016-05-27 00:00:00,570.80483593
2016-05-30 00:00:00,571.185626292
2016-05-31 00:00:00,565.989789379
2016-06-01 00:00:00,565.079638034
2016-06-02 00:00:00,562.23882056
2016-06-03 00:00:00,556.579443472
2016-06-06 00:00:00,558.674351316
2016-06-07 00:00:00,566.721728418
2016-06-08 00:00:00,564.648693816
2016-06-09 00:00:00,569.972039635
2016-06-10 00:00:00,557.277837093
2016-06-13 00:00:00,550.511351546
2016-06-14 00:00:00,547.951071569
2016-06-15 00:00:00,556.012181492
2016-06-16 00:00:00,554.240980749
2016-06-17 00:00:00,548.506688368
2016-06-20 00:00:00,550.580500027
2016-06-21 00:00:00,549.599888046
2016-06-22 00:00:00,535.001390643
2016-06-23 00:00:00,532.814818674
2016-06-24 00:00:00,532.5433475
2016-06-27 00:00:00,531.526664078
2016-06-28 00:00:00,539.68267399
2016-06-29 00:00:00,546.3690929
2016-06-30 00:00:00,552.997176706
2016-07-01 00:00:00,551.093992616
2016-07-04 00:00:00,550.10618216
2016-07-05 00:00:00,548.419421141
